slno,name,email,city
1,Conway McIllrick,cmcillrick0@joomla.org,Klášterec nad Ohří
2,Matty Borzone,mborzone1@google.com.au,Prao
3,Rem Linney,rlinney2@nationalgeographic.com,Doumuhu
4,Aloisia Schneidar,aschneidar3@icq.com,Xinyang
5,Gustav Reynish,greynish4@shareasale.com,New Cebu
6,Britta Kloss,bkloss5@nhs.uk,Yanghong
7,Frannie Quibell,fquibell6@gravatar.com,Buri
8,Cloe Willeman,cwilleman7@google.es,Damietta
9,Elfie Powles,epowles8@barnesandnoble.com,Songjiang
10,Letty Bernardi,lbernardi9@ed.gov,Bolondrón
11,Shermie Bensley,sbensleya@odnoklassniki.ru,Talacogon
12,Darrelle Fuidge,dfuidgeb@creativecommons.org,Bakersfield
13,Cate Swadlinge,cswadlingec@ustream.tv,Lukavice
14,Abby Rivilis,arivilisd@hexun.com,Dresi Wetan
15,Zacharie Mallett,zmallette@diigo.com,Shënmëri
16,Judd Job,jjobf@time.com,Huangyang
17,Mechelle Vials,mvialsg@dell.com,Chapultepec
18,Stephannie Adnett,sadnetth@newsvine.com,Banjar Lalangpasek
19,Davon Brewer,dbreweri@webs.com,Svetogorsk
20,Aliza Hourihane,ahourihanej@admin.ch,Juradó
21,Jacynth Maycock,jmaycockk@google.pl,Gaoxu
22,Roshelle Sherer,rshererl@sciencedaily.com,Daru
23,Clary Gillbard,cgillbardm@ibm.com,Longka
24,Franni McDirmid,fmcdirmidn@1688.com,Bayambang
25,Sileas McCreadie,smccreadieo@storify.com,Lubichowo
26,Jeddy Elvin,jelvinp@51.la,Ogod
27,Loise Tilio,ltilioq@hud.gov,Santa Bárbara
28,Rahel Colby,rcolbyr@cdc.gov,Sundbyberg
29,Shanan Hedan,shedans@hugedomains.com,Dom Pedrito
30,Haskel Leate,hleatet@senate.gov,Laguna Salada
31,Adiana Tabb,atabbu@artisteer.com,Huoxian
32,Sterne Manifould,smanifouldv@reverbnation.com,Raşad
33,Marmaduke Clowsley,mclowsleyw@netvibes.com,Buriwutung
34,Claretta Jelleman,cjellemanx@state.tx.us,Matungao
35,Zebadiah Birtwisle,zbirtwisley@freewebs.com,Tempeh Tengah
36,Ezri Castane,ecastanez@wikipedia.org,Besah
37,Stanly Franies,sfranies10@jigsy.com,Znamenskoye
38,Karly Tressler,ktressler11@dailymotion.com,Olkusz
39,Lurette MacKilroe,lmackilroe12@pinterest.com,Kolyubakino
40,Arnie Robertazzi,arobertazzi13@w3.org,Jinchuan
41,Meade Bransby,mbransby14@discovery.com,Media Luna
42,Melania Friary,mfriary15@yelp.com,Příšovice
43,Austina Stiell,astiell16@ehow.com,Xilian
44,Jobey Heaven,jheaven17@yahoo.com,Binlod
45,Jacquie Ruffy,jruffy18@yelp.com,Kayunga
46,Fred Mason,fmason19@tinyurl.com,Landim
47,Sydney de la Tremoille,sde1a@dailymail.co.uk,Wierzbica
48,Roxi Winfindale,rwinfindale1b@hc360.com,Kalwaria Zebrzydowska
49,Henriette De Launde,hde1c@ask.com,Novyye Kuz’minki
50,Agathe Saur,asaur1d@trellian.com,Drachten
51,Elfie Giordano,egiordano1e@biblegateway.com,Hushan
52,Malvina Koppe,mkoppe1f@dion.ne.jp,Tianjiaba
53,Alleen Everton,aeverton1g@oaic.gov.au,Benhong
54,Basilio Budcock,bbudcock1h@clickbank.net,Matango
55,Noak Fritchly,nfritchly1i@google.com,Kramfors
56,Joannes Rickhuss,jrickhuss1j@ucla.edu,Vilkija
57,Lavinia Munnings,lmunnings1k@lycos.com,Guohe
58,Honor Gannon,hgannon1l@bravesites.com,Uppsala
59,Avictor Shury,ashury1m@ow.ly,Yizhivtsi
60,Bernard Shawyers,bshawyers1n@gnu.org,Sukomulyo
61,Dolli Maith,dmaith1o@symantec.com,Krajan Baru
62,Jaime Burgher,jburgher1p@wisc.edu,Talisay
63,Carlynn Clingan,cclingan1q@gov.uk,Donegal
64,Aguistin Kenner,akenner1r@auda.org.au,Monte da Boavista
65,Arni Schlagman,aschlagman1s@google.es,Tulihe
66,Margaretha Nulty,mnulty1t@google.de,Habingkloang
67,Morry Bangham,mbangham1u@kickstarter.com,Camaligan
68,Ashla Clowton,aclowton1v@addtoany.com,Quba
69,Matteo Comizzoli,mcomizzoli1w@sogou.com,Shums’k
70,Jan Driscoll,jdriscoll1x@1und1.de,Guozhai
71,Parry Olyfant,polyfant1y@naver.com,Nacaome
72,Simona Stiling,sstiling1z@gizmodo.com,Ganjun
73,Moria Bramer,mbramer20@wordpress.org,Gião
74,Normy Bauchop,nbauchop21@ebay.co.uk,Rama
75,Meryl Brasseur,mbrasseur22@blogspot.com,Spiczyn
76,Lettie Flores,lflores23@craigslist.org,Datarkadu
77,Charmine Winchester,cwinchester24@vk.com,Paôy Pêt
78,Marissa Fenck,mfenck25@miitbeian.gov.cn,Kadupayung
79,Danyelle de Lloyd,dde26@liveinternet.ru,Malasugui
80,Price Abbess,pabbess27@tinyurl.com,Komono
81,Trish Gregori,tgregori28@examiner.com,Rado
82,Isacco Father,ifather29@smugmug.com,Berlin
83,Lea Harrap,lharrap2a@rediff.com,Daidaon
84,Zola McShirie,zmcshirie2b@soundcloud.com,Jiaocun
85,Corinne Arenson,carenson2c@princeton.edu,Cova da Iria
86,Hollie Signoret,hsignoret2d@g.co,Patani
87,Nike Huzzay,nhuzzay2e@state.gov,Ipoh
88,Marshall Cicchillo,mcicchillo2f@is.gd,Stari Bar
89,Nicoline Tellett,ntellett2g@google.ru,Vazhiny
90,Harwell Readwood,hreadwood2h@phpbb.com,Kuala Terengganu
91,Bili Danbi,bdanbi2i@ed.gov,Tsagaan-Ovoo
92,Jamima Bulfoot,jbulfoot2j@photobucket.com,Quintela
93,Lorin Collete,lcollete2k@google.com.br,Ichinomiya
94,Lacy Steanson,lsteanson2l@ucla.edu,Carmelo
95,Binky Natalie,bnatalie2m@cloudflare.com,Hulyaypole
96,Ron Guion,rguion2n@1688.com,Lazurne
97,Audrie Petrie,apetrie2o@ask.com,Devin
98,Tracey Saint,tsaint2p@redcross.org,Tingping
99,Karlik Dunmuir,kdunmuir2q@nytimes.com,Kutacane
100,Cherrita Raylton,craylton2r@naver.com,General Luna
